<?xml version="1.0" encoding="UTF-8"?>
<!DOCTYPE mapper
  PUBLIC "-//mybatis.org//DTD Mapper 3.0//EN"
  "https://mybatis.org/dtd/mybatis-3-mapper.dtd">
<mapper namespace="com.beetmarket.category.mapper.CategoryMapper">

	<!-- 카테고리 리스트 -->
	<select id="list" resultType="com.beetmarket.category.vo.CategoryVO">
		select cateHighNo, cateMidNo, cateLowNo, categoryName 
		from category
		where 
		<if test="cateHighNo == 0">
		<!-- 대분류만 가져오기 -->
			cateMidNo = 0 and cateLowNo = 0
		</if>
		<if test="cateHighNo > 0 and cateMidNo ==0">
		<!-- 중분류만 가져오기 -->
			cateHighNo = #{cateHighNo} and cateMidNo != 0 and cateLowNo = 0
		</if>
		<if test="cateHighNo > 0 and cateMidNo > 0 and cateLowNo == 0">
		<!-- 소분류만 가져오기 -->
			cateHighNo = #{cateHighNo} and cateMidNo = #{cateMidNo} and cateLowNo != 0
		</if>
		order by cateHighNo, cateMidNo, cateLowNo
	</select>


</mapper>