<?xml version="1.0" encoding="UTF-8" ?>
<!DOCTYPE mapper
  PUBLIC "-//mybatis.org//DTD Mapper 3.0//EN"
  "https://mybatis.org/dtd/mybatis-3-mapper.dtd">
<mapper namespace="com.beetmarket.reviewlike.mapper.ReviewLikeMapper">
    
    <!-- 특정 리뷰의 좋아요 개수를 조회하는 쿼리 -->
    <select id="countLikes" parameterType="long" resultType="int">
        SELECT COUNT(*)
        FROM reviewLike
        WHERE reviewNo = #{reviewNo}
    </select>

    <!-- 특정 리뷰에 좋아요를 추가하는 쿼리 -->
    <!-- 좋아요 추가 메서드 매핑 -->
    <insert id="insertLike" parameterType="com.beetmarket.reviewlike.vo.ReviewLikeVO">
        INSERT INTO reviewLike (reviewNo, id)
        VALUES (#{reviewNo}, #{id})
    </insert>

    <!-- 특정 리뷰의 좋아요를 삭제하는 쿼리 -->
    <delete id="deleteLike" parameterType="com.beetmarket.reviewlike.vo.ReviewLikeVO">
        DELETE FROM reviewLike
        WHERE reviewNo = #{reviewNo} AND id = #{id}
    </delete>

    <!-- 특정 사용자가 해당 리뷰에 좋아요를 눌렀는지 확인하는 쿼리 -->
    <select id="userHasLiked" resultType="boolean">
        SELECT COUNT(*)
        FROM reviewLike
        WHERE reviewNo = #{reviewNo} AND id = #{id}
    </select>

</mapper>
