<?xml version="1.0" encoding="UTF-8"?>
<beans xmlns="http://www.springframework.org/schema/beans"
	xmlns:xsi="http://www.w3.org/2001/XMLSchema-instance"
	xmlns:context="http://www.springframework.org/schema/context"
	xmlns:mybatis-spring="http://mybatis.org/schema/mybatis-spring"
	xmlns:aop="http://www.springframework.org/schema/aop"
	xmlns:tx="http://www.springframework.org/schema/tx"
	xsi:schemaLocation="http://mybatis.org/schema/mybatis-spring http://mybatis.org/schema/mybatis-spring-1.2.xsd
		http://www.springframework.org/schema/beans https://www.springframework.org/schema/beans/spring-beans.xsd
		http://www.springframework.org/schema/context http://www.springframework.org/schema/context/spring-context-4.3.xsd
		http://www.springframework.org/schema/aop http://www.springframework.org/schema/aop/spring-aop-4.3.xsd
		http://www.springframework.org/schema/tx http://www.springframework.org/schema/tx/spring-tx-4.3.xsd">
	
	<!-- Root Context: defines shared resources visible to all other web components -->
	
	<!-- HikariCP 설정 -->
	<bean id="hikariConfig"
	 class="com.zaxxer.hikari.HikariConfig">
	 <!-- Oracle 드라이버 사용 DB 처리
	 	<property name="driverClassName" value="oracle.jdbc.driver.OracleDriver" />
	 	<property name="jdbcUrl" value="jdbc:oracle:thin:@localhost:1521:XE" />
	 -->
	 
	 <!-- log4jdbc-log4j2 - 로그 출력 드라이버 사용 DB 처리 -->
	 	<property name="driverClassName" value="net.sf.log4jdbc.sql.jdbcapi.DriverSpy" />
	 	<property name="jdbcUrl" value="jdbc:log4jdbc:oracle:thin:@192.168.0.69:1521:XE" />
	 	<property name="username" value="beetmarket" />
	 	<property name="password" value="beetmarket" />
	</bean>
	
	<bean id="dataSource"
	 class="com.zaxxer.hikari.HikariDataSource"
	 destroy-method="close">
		<constructor-arg ref="hikariConfig" />
	</bean>
	
	<bean id="sqlSessionFactory"
	 class="org.mybatis.spring.SqlSessionFactoryBean">
	 	<property name="dataSource" ref="dataSource"></property>
	</bean>
	
	<bean id="transactionManager"
	 class="org.springframework.jdbc.datasource.DataSourceTransactionManager">
	 	<property name="dataSource" ref="dataSource"></property>
	</bean>
	
	<tx:annotation-driven/>
	
	<mybatis-spring:scan base-package="com.beetmarket"/>
	
	<context:annotation-config></context:annotation-config>
	
	<context:component-scan base-package="com.beetmarket" />
	
	<aop:aspectj-autoproxy></aop:aspectj-autoproxy>
	
</beans>
